date,unemployment_rate,cpi,fed_funds_rate,treasury_10y,industrial_production
1962-01-01,5.8,30.04,2.15,4.083181818181818,24.6925
1962-02-01,5.5,30.11,2.37,4.039444444444444,25.0964
1962-03-01,5.6,30.17,2.85,3.930454545454545,25.2311
1962-04-01,5.6,30.21,2.78,3.843,25.285
1962-05-01,5.5,30.24,2.36,3.8736363636363635,25.258
1962-06-01,5.5,30.21,2.68,3.909047619047619,25.2042
1962-07-01,5.4,30.22,2.71,4.014285714285714,25.4465
1962-08-01,5.7,30.28,2.93,3.9756521739130433,25.4734
1962-09-01,5.6,30.42,2.9,3.978947368421052,25.635
1962-10-01,5.4,30.38,2.9,3.9254545454545453,25.6619
1962-11-01,5.7,30.38,2.94,3.9157894736842107,25.7696
1962-12-01,5.5,30.38,2.93,3.8645000000000005,25.7696
1963-01-01,5.7,30.44,2.92,3.833636363636364,25.9581
1963-02-01,5.9,30.48,3.0,3.921111111111111,26.2544
1963-03-01,5.7,30.51,2.98,3.9285714285714284,26.4159
1963-04-01,5.7,30.48,2.9,3.970952380952381,26.6582
1963-05-01,5.9,30.51,3.0,3.93,26.9814
1963-06-01,5.6,30.61,2.99,3.993,27.0622
1963-07-01,5.6,30.69,3.02,4.0204545454545455,26.9545
1963-08-01,5.4,30.75,3.49,4.002272727272727,27.0083
1963-09-01,5.5,30.72,3.48,4.0775,27.2776
1963-10-01,5.5,30.75,3.5,4.106086956521739,27.4661
1963-11-01,5.7,30.78,3.48,4.121764705882353,27.6007
1963-12-01,5.5,30.88,3.38,4.128571428571429,27.5469
1964-01-01,5.6,30.94,3.48,4.166818181818182,27.7892
1964-02-01,5.4,30.91,3.48,4.145555555555556,27.9777
1964-03-01,5.4,30.94,3.43,4.2195238095238095,27.9777
1964-04-01,5.3,30.95,3.47,4.232272727272727,28.4355
1964-05-01,5.1,30.98,3.5,4.2,28.597
1964-06-01,5.2,31.01,3.5,4.170000000000001,28.6778
1964-07-01,4.9,31.02,3.42,4.1859090909090915,28.8663
1964-08-01,5.0,31.05,3.5,4.1938095238095245,29.0548
1964-09-01,5.1,31.08,3.45,4.203809523809523,29.1625
1964-10-01,5.1,31.12,3.36,4.188095238095238,28.7586
1964-11-01,4.8,31.21,3.52,4.152777777777778,29.6472
1964-12-01,5.0,31.25,3.85,4.179545454545455,29.9973
1965-01-01,4.9,31.28,3.9,4.189500000000001,30.3204
1965-02-01,5.1,31.28,3.98,4.211111111111111,30.5089
1965-03-01,4.7,31.31,4.05,4.210434782608695,30.9128
1965-04-01,4.8,31.38,4.09,4.203809523809523,31.0474
1965-05-01,4.6,31.48,4.1,4.2115,31.2898
1965-06-01,4.6,31.61,4.05,4.213181818181819,31.5321
1965-07-01,4.4,31.58,4.09,4.204761904761905,31.8283
1965-08-01,4.4,31.55,4.12,4.252272727272727,31.963
1965-09-01,4.3,31.62,4.02,4.29047619047619,32.0438
1965-10-01,4.2,31.65,4.08,4.3495,32.3669
1965-11-01,4.1,31.75,4.1,4.448947368421052,32.5015
1965-12-01,4.0,31.85,4.32,4.615454545454546,32.9054
1966-01-01,4.0,31.88,4.42,4.612380952380953,33.2286
1966-02-01,3.8,32.08,4.6,4.832105263157895,33.444
1966-03-01,3.8,32.18,4.66,4.8734782608695655,33.9018
1966-04-01,3.8,32.28,4.67,4.75,33.9556
1966-05-01,3.9,32.35,4.9,4.7785714285714285,34.2787
1966-06-01,3.8,32.38,5.17,4.8145454545454545,34.4403
1966-07-01,3.8,32.45,5.3,5.018,34.6288
1966-08-01,3.8,32.65,5.53,5.224347826086956,34.6557
1966-09-01,3.7,32.75,5.4,5.182380952380952,34.9789
1966-10-01,3.7,32.85,5.53,5.0115,35.2212
1966-11-01,3.6,32.88,5.76,5.155263157894737,34.9788
1966-12-01,3.8,32.92,5.4,4.842857142857143,35.0596
1967-01-01,3.9,32.9,4.94,4.579047619047619,35.225
1967-02-01,3.8,33.0,5.0,4.626666666666667,34.8255
1967-03-01,3.8,33.0,4.53,4.541818181818182,34.6292
1967-04-01,3.8,33.1,4.05,4.593500000000001,34.9558
1967-05-01,3.8,33.1,3.94,4.847727272727273,34.6508
1967-06-01,3.9,33.3,3.98,5.0227272727272725,34.6465
1967-07-01,3.8,33.4,3.79,5.159000000000001,34.5676
1967-08-01,3.8,33.5,3.9,5.275652173913044,35.2299
1967-09-01,3.8,33.6,3.99,5.3020000000000005,35.1727
1967-10-01,4.0,33.7,3.88,5.480952380952381,35.4591
1967-11-01,3.9,33.9,4.13,5.7535,35.9663
1967-12-01,3.8,34.0,4.51,5.699,36.3536
1968-01-01,3.7,34.1,4.61,5.528636363636363,36.3145
1968-02-01,3.8,34.2,4.71,5.563684210526316,36.4446
1968-03-01,3.7,34.3,5.05,5.74,36.5584
1968-04-01,3.5,34.4,5.76,5.6385,36.6113
1968-05-01,3.5,34.5,6.12,5.869545454545454,37.022
1968-06-01,3.7,34.7,6.07,5.718,37.158
1968-07-01,3.7,34.9,6.03,5.495454545454546,37.101
1968-08-01,3.5,35.0,6.03,5.420454545454546,37.2045
1968-09-01,3.4,35.1,5.78,5.46,37.3454
1968-10-01,3.4,35.3,5.91,5.5826086956521745,37.4196
1968-11-01,3.4,35.4,5.82,5.696111111111112,37.9036
1968-12-01,3.4,35.6,6.02,6.031904761904762,38.0233
1969-01-01,3.4,35.7,6.3,6.041818181818181,38.2533
1969-02-01,3.4,35.8,6.61,6.1889473684210525,38.4981
1969-03-01,3.4,36.1,6.79,6.296,38.8
1969-04-01,3.4,36.3,7.41,6.173333333333333,38.6573
1969-05-01,3.4,36.4,8.67,6.323333333333333,38.5111
1969-06-01,3.5,36.6,8.9,6.574285714285715,38.8874
1969-07-01,3.5,36.8,8.61,6.71952380952381,39.0927
1969-08-01,3.5,36.9,9.19,6.691428571428572,39.1825
1969-09-01,3.7,37.1,9.15,7.159523809523809,39.1737
1969-10-01,3.7,37.3,9.0,7.095454545454545,39.1852
1969-11-01,3.5,37.5,8.85,7.144117647058824,38.8158
1969-12-01,3.5,37.7,8.97,7.654090909090908,38.7116
1970-01-01,3.9,37.9,8.98,7.794761904761905,37.9948
1970-02-01,4.2,38.1,8.98,7.238333333333333,37.9698
1970-03-01,4.4,38.3,7.76,7.072857142857143,37.9205
1970-04-01,4.6,38.5,8.1,7.390909090909091,37.823
1970-05-01,4.8,38.6,7.95,7.906190476190476,37.7789
1970-06-01,4.9,38.8,7.61,7.841818181818183,37.6567
1970-07-01,5.0,38.9,7.21,7.457272727272727,37.7491
1970-08-01,5.1,39.0,6.62,7.527142857142857,37.6818
1970-09-01,5.4,39.2,6.29,7.38952380952381,37.4221
1970-10-01,5.5,39.4,6.2,7.326666666666667,36.6735
1970-11-01,5.9,39.6,5.6,6.841111111111111,36.4514
1970-12-01,6.1,39.8,4.9,6.391363636363636,37.2885
1971-01-01,5.9,39.9,4.14,6.2385,37.5753
1971-02-01,5.9,39.9,3.72,6.112222222222222,37.5037
1971-03-01,6.0,40.0,3.71,5.7034782608695656,37.4631
1971-04-01,5.9,40.1,4.16,5.833809523809524,37.6735
1971-05-01,5.9,40.3,4.63,6.3925,37.8646
1971-06-01,5.9,40.5,4.91,6.522272727272727,38.0234
1971-07-01,6.0,40.6,5.31,6.729523809523809,37.9131
1971-08-01,6.1,40.7,5.57,6.582727272727272,37.693
1971-09-01,6.0,40.8,5.55,6.13952380952381,38.3056
1971-10-01,5.8,40.9,5.2,5.925789473684211,38.5924
1971-11-01,6.0,41.0,4.91,5.8100000000000005,38.7561
1971-12-01,6.0,41.1,4.14,5.926363636363636,39.2035
1972-01-01,5.8,41.2,3.51,5.947619047619048,40.1408
1972-02-01,5.7,41.4,3.3,6.081,40.5459
1972-03-01,5.8,41.4,3.83,6.068636363636363,40.8263
1972-04-01,5.7,41.5,4.17,6.1945,41.2348
1972-05-01,5.7,41.6,4.27,6.126363636363636,41.2405
1972-06-01,5.7,41.7,4.46,6.1068181818181815,41.3497
1972-07-01,5.6,41.8,4.55,6.113,41.3035
1972-08-01,5.6,41.9,4.81,6.210434782608695,41.879
1972-09-01,5.5,42.1,4.87,6.5495,42.2132
1972-10-01,5.6,42.2,5.05,6.4795,42.7494
1972-11-01,5.3,42.4,5.06,6.2805,43.2548
1972-12-01,5.2,42.5,5.33,6.3585,43.7367
1973-01-01,4.9,42.7,5.94,6.464545454545455,44.0529
1973-02-01,5.0,43.0,6.58,6.635555555555555,44.6827
1973-03-01,4.9,43.4,7.09,6.709090909090909,44.7045
1973-04-01,5.0,43.7,7.12,6.6685,44.6387
1973-05-01,4.9,43.9,7.84,6.847272727272727,44.9429
1973-06-01,4.9,44.2,8.49,6.9,45.0035
1973-07-01,4.8,44.2,10.4,7.130952380952381,45.1636
1973-08-01,4.8,45.0,10.5,7.404782608695652,45.1019
1973-09-01,4.8,45.2,10.78,7.090526315789473,45.4624
1973-10-01,4.6,45.6,10.01,6.7942857142857145,45.847
1973-11-01,4.8,45.9,10.03,6.7284999999999995,46.0553
1973-12-01,4.9,46.3,9.95,6.7436842105263155,45.923
1974-01-01,5.1,46.8,9.65,6.988636363636363,45.6204
1974-02-01,5.2,47.3,8.97,6.957222222222223,45.4759
1974-03-01,5.1,47.8,9.35,7.2090476190476185,45.4777
1974-04-01,5.1,48.1,10.51,7.512380952380952,45.3451
1974-05-01,5.1,48.6,11.31,7.57590909090909,45.7044
1974-06-01,5.4,49.0,11.93,7.535500000000001,45.6238
1974-07-01,5.5,49.3,12.92,7.805000000000001,45.7221
1974-08-01,5.5,49.9,12.01,8.04409090909091,45.2366
1974-09-01,5.9,50.6,11.34,8.0375,45.2365
1974-10-01,6.0,51.0,10.06,7.8968181818181815,45.1133
1974-11-01,6.6,51.5,9.45,7.681111111111111,43.6278
1974-12-01,7.2,51.9,8.53,7.433809523809523,42.0533
1975-01-01,8.1,52.3,7.13,7.501363636363636,41.4676
1975-02-01,8.1,52.6,6.24,7.392222222222222,40.5165
1975-03-01,8.6,52.8,5.54,7.728,40.0638
1975-04-01,8.8,53.0,5.49,8.226818181818182,40.1573
1975-05-01,9.0,53.1,5.22,8.05952380952381,40.0253
1975-06-01,8.8,53.5,5.55,7.860952380952382,40.2772
1975-07-01,8.6,54.0,6.1,8.061363636363636,40.6994
1975-08-01,8.4,54.2,6.14,8.397619047619047,41.0998
1975-09-01,8.4,54.6,6.24,8.426666666666668,41.6304
1975-10-01,8.4,54.9,5.82,8.137727272727274,41.8135
1975-11-01,8.3,55.3,5.22,8.052941176470588,41.8697
1975-12-01,8.2,55.6,5.2,7.996818181818182,42.4414
1976-01-01,7.9,55.8,4.87,7.742380952380953,43.0012
1976-02-01,7.7,55.9,4.77,7.792777777777778,43.4229
1976-03-01,7.6,56.0,4.84,7.734347826086956,43.5168
1976-04-01,7.7,56.1,4.82,7.564285714285714,43.7327
1976-05-01,7.4,56.4,5.29,7.8950000000000005,43.9186
1976-06-01,7.6,56.7,5.48,7.861363636363635,43.9637
1976-07-01,7.8,57.0,5.31,7.831904761904762,44.2141
1976-08-01,7.8,57.3,5.29,7.768636363636364,44.5182
1976-09-01,7.6,57.6,5.25,7.594285714285713,44.6721
1976-10-01,7.7,57.9,5.02,7.411,44.6585
1976-11-01,7.8,58.1,4.95,7.291052631578947,45.3392
1976-12-01,7.8,58.4,4.65,6.869090909090909,45.8294
1977-01-01,7.5,58.7,4.61,7.213333333333333,45.5087
1977-02-01,7.6,59.3,4.68,7.3910526315789475,46.2277
1977-03-01,7.4,59.6,4.69,7.460000000000001,46.8185
1977-04-01,7.2,60.0,4.73,7.3705,47.2684
1977-05-01,7.0,60.2,5.35,7.456666666666667,47.6411
1977-06-01,7.2,60.5,5.39,7.275454545454545,48.0116
1977-07-01,6.9,60.8,5.42,7.330000000000001,48.073
1977-08-01,7.0,61.1,5.9,7.396521739130435,48.1205
1977-09-01,6.8,61.3,6.14,7.343809523809524,48.3189
1977-10-01,6.8,61.6,6.47,7.5235,48.3871
1977-11-01,6.8,62.0,6.51,7.577368421052632,48.4761
1977-12-01,6.4,62.3,6.56,7.685238095238095,48.5629
1978-01-01,6.4,62.7,6.7,7.956190476190477,47.8481
1978-02-01,6.3,63.0,6.78,8.033333333333333,48.1044
1978-03-01,6.3,63.4,6.79,8.03590909090909,49.0265
1978-04-01,6.1,63.9,6.89,8.154,50.0206
1978-05-01,6.0,64.5,7.36,8.345714285714285,50.254
1978-06-01,5.9,65.0,7.6,8.462272727272728,50.5801
1978-07-01,6.2,65.5,7.81,8.64,50.5384
1978-08-01,5.9,65.9,8.04,8.410869565217391,50.7458
1978-09-01,6.0,66.5,8.45,8.416500000000001,50.8744
1978-10-01,5.8,67.1,8.96,8.642380952380952,51.2559
1978-11-01,5.9,67.5,9.76,8.805,51.6514
1978-12-01,6.0,67.9,10.03,9.006499999999999,51.909
1979-01-01,5.9,68.5,10.07,9.099545454545455,51.6278
1979-02-01,5.9,69.2,10.06,9.098333333333333,51.8752
1979-03-01,5.8,69.9,10.09,9.117272727272727,52.0446
1979-04-01,5.8,70.6,10.01,9.181999999999999,51.4193
1979-05-01,5.6,71.4,10.24,9.252380952380953,51.8856
1979-06-01,5.7,72.2,10.29,8.913809523809524,51.8965
1979-07-01,5.7,73.0,10.47,8.95,51.8097
1979-08-01,6.0,73.7,10.94,9.029565217391305,51.4684
1979-09-01,5.9,74.4,11.43,9.334736842105263,51.4597
1979-10-01,6.0,75.2,13.77,10.299090909090909,51.8334
1979-11-01,5.9,76.0,13.18,10.653157894736841,51.7531
1979-12-01,6.0,76.9,13.78,10.386,51.7878
1980-01-01,6.3,78.0,13.82,10.802272727272728,52.0679
1980-02-01,6.3,79.0,14.13,12.414736842105263,52.082
1980-03-01,6.3,80.1,17.19,12.74904761904762,51.87
1980-04-01,6.9,80.9,17.61,11.473333333333333,50.8397
1980-05-01,7.5,81.7,10.98,10.181428571428572,49.589
1980-06-01,7.6,82.5,9.47,9.778095238095238,48.9482
1980-07-01,7.8,82.6,9.03,10.247727272727273,48.6039
1980-08-01,7.7,83.2,9.61,11.101904761904763,48.7563
1980-09-01,7.5,83.9,10.87,11.508571428571429,49.5608
1980-10-01,7.5,84.7,12.81,11.751363636363635,50.1908
1980-11-01,7.5,85.6,15.85,12.68470588235294,51.0311
1980-12-01,7.2,86.4,18.9,12.844090909090909,51.3708
1981-01-01,7.5,87.2,19.08,12.568571428571428,51.0415
1981-02-01,7.4,88.0,15.93,13.194444444444445,50.824
1981-03-01,7.4,88.6,14.7,13.115909090909092,51.0826
1981-04-01,7.2,89.1,15.72,13.67952380952381,50.858
1981-05-01,7.5,89.7,18.52,14.0995,51.1495
1981-06-01,7.5,90.5,19.1,13.472272727272726,51.4101
1981-07-01,7.2,91.5,19.04,14.280909090909091,51.7471
1981-08-01,7.4,92.2,17.82,14.937142857142858,51.6826
1981-09-01,7.6,93.1,15.87,15.323809523809524,51.4337
1981-10-01,7.9,93.4,15.08,15.14809523809524,51.0281
1981-11-01,8.3,93.8,13.31,13.392777777777777,50.435
1981-12-01,8.5,94.1,12.37,13.724545454545455,49.8987
1982-01-01,8.6,94.4,13.22,14.594,48.8685
1982-02-01,8.9,94.7,14.78,14.425555555555556,49.8636
1982-03-01,9.0,94.7,14.68,13.861304347826087,49.5323
1982-04-01,9.3,95.0,14.94,13.871904761904762,49.075
1982-05-01,9.4,95.9,14.45,13.622499999999999,48.7483
1982-06-01,9.6,97.0,14.15,14.299545454545454,48.6214
1982-07-01,9.8,97.5,12.59,13.946190476190477,48.4616
1982-08-01,9.8,97.7,10.12,13.055,48.0192
1982-09-01,10.1,97.7,10.31,12.33904761904762,47.9008
1982-10-01,10.4,98.1,9.71,10.9065,47.4371
1982-11-01,10.8,98.0,9.2,10.550526315789474,47.283
1982-12-01,10.8,97.7,8.95,10.54,46.9485
1983-01-01,10.4,97.9,8.68,10.457142857142857,47.8234
1983-02-01,10.4,98.0,8.51,10.724736842105264,47.5233
1983-03-01,10.3,98.1,8.77,10.506521739130434,47.9244
1983-04-01,10.2,98.8,8.8,10.4,48.5311
1983-05-01,10.1,99.2,8.63,10.379999999999999,48.8239
1983-06-01,10.1,99.4,8.98,10.848636363636363,49.123
1983-07-01,9.4,99.8,9.37,11.376999999999999,49.8546
1983-08-01,9.5,100.1,9.56,11.846086956521738,50.4443
1983-09-01,9.2,100.4,9.45,11.653809523809523,51.178
1983-10-01,8.8,100.8,9.48,11.541,51.5693
1983-11-01,8.5,101.1,9.34,11.690000000000001,51.7993
1983-12-01,8.3,101.4,9.47,11.82952380952381,52.0594
1984-01-01,8.0,102.1,9.56,11.674285714285714,53.0985
1984-02-01,7.8,102.6,9.59,11.842105263157896,53.3318
1984-03-01,7.8,102.9,9.91,12.319090909090908,53.5929
1984-04-01,7.7,103.3,10.29,12.6335,53.91
1984-05-01,7.4,103.5,10.32,13.408636363636363,54.2026
1984-06-01,7.2,103.7,11.06,13.562857142857142,54.4014
1984-07-01,7.5,104.1,11.23,13.362380952380953,54.5521
1984-08-01,7.5,104.4,11.64,12.716086956521737,54.6083
1984-09-01,7.3,104.7,11.3,12.522631578947369,54.4466
1984-10-01,7.4,105.1,9.99,12.160454545454543,54.4406
1984-11-01,7.2,105.3,9.43,11.572631578947368,54.624
1984-12-01,7.3,105.5,8.38,11.499500000000001,54.6416
1985-01-01,7.3,105.7,8.35,11.384285714285713,54.6322
1985-02-01,7.2,106.3,8.5,11.508888888888889,54.7825
1985-03-01,7.2,106.8,8.58,11.855238095238096,54.8653
1985-04-01,7.3,107.0,8.27,11.434761904761904,54.7459
1985-05-01,7.2,107.2,7.97,10.84681818181818,54.8255
1985-06-01,7.4,107.5,7.53,10.156,54.7989
1985-07-01,7.4,107.7,7.88,10.306818181818182,54.5396
1985-08-01,7.1,107.9,7.9,10.331818181818182,54.7055
1985-09-01,7.1,108.1,7.92,10.373157894736842,54.8906
1985-10-01,7.1,108.5,7.99,10.236818181818181,54.7199
1985-11-01,7.0,109.0,8.05,9.781578947368422,54.9124
1985-12-01,7.0,109.5,8.27,9.25904761904762,55.4412
1986-01-01,6.7,109.9,8.14,9.193809523809524,55.7481
1986-02-01,7.2,109.7,7.86,8.704210526315789,55.3568
1986-03-01,7.2,109.1,7.48,7.778499999999999,54.9625
1986-04-01,7.1,108.7,6.99,7.29909090909091,55.0413
1986-05-01,7.2,109.0,6.85,7.70952380952381,55.1226
1986-06-01,7.2,109.4,6.92,7.7995238095238095,54.9005
1986-07-01,7.0,109.5,6.56,7.303181818181818,55.2592
1986-08-01,6.9,109.6,6.17,7.1657142857142855,55.1567
1986-09-01,7.0,110.0,5.89,7.447619047619048,55.2975
1986-10-01,7.0,110.2,5.85,7.426363636363636,55.5332
1986-11-01,6.9,110.4,6.04,7.250555555555555,55.7557
1986-12-01,6.6,110.8,6.91,7.112727272727272,56.2845
1987-01-01,6.6,111.4,6.43,7.0845,56.0882
1987-02-01,6.6,111.8,6.1,7.2505263157894735,56.8275
1987-03-01,6.6,112.2,6.13,7.248636363636364,56.9098
1987-04-01,6.3,112.7,6.37,8.022857142857143,57.2701
1987-05-01,6.3,113.0,6.85,8.613,57.6322
1987-06-01,6.2,113.5,6.73,8.402272727272727,57.9307
1987-07-01,6.1,113.8,6.58,8.44681818181818,58.3258
1987-08-01,6.0,114.3,6.73,8.76047619047619,58.7636
1987-09-01,5.9,114.7,7.22,9.421904761904763,58.9951
1987-10-01,6.0,115.0,7.29,9.520000000000001,59.781
1987-11-01,5.8,115.4,6.69,8.860526315789473,60.0726
1987-12-01,5.7,115.6,6.77,8.987727272727271,60.4095
1988-01-01,5.7,116.0,6.83,8.66578947368421,60.3976
1988-02-01,5.7,116.2,6.58,8.212,60.7003
1988-03-01,5.7,116.5,6.58,8.373478260869565,60.8501
1988-04-01,5.4,117.2,6.87,8.7185,61.2031
1988-05-01,5.6,117.5,7.09,9.08904761904762,61.0797
1988-06-01,5.4,118.0,7.51,8.921363636363637,61.2569
1988-07-01,5.4,118.5,7.75,9.056000000000001,61.2659
1988-08-01,5.6,119.0,8.01,9.260434782608696,61.5731
1988-09-01,5.4,119.5,8.19,8.977142857142857,61.3807
1988-10-01,5.4,119.9,8.3,8.7955,61.6453
1988-11-01,5.3,120.3,8.35,8.9625,61.7944
1988-12-01,5.3,120.7,8.76,9.105714285714285,62.0743
1989-01-01,5.4,121.2,9.12,9.0915,62.2574
1989-02-01,5.2,121.6,9.36,9.168947368421053,61.9819
1989-03-01,5.0,122.2,9.85,9.357727272727272,62.1369
1989-04-01,5.2,123.1,9.84,9.1755,62.1276
1989-05-01,5.2,123.7,9.81,8.85909090909091,61.7744
1989-06-01,5.3,124.1,9.53,8.277272727272727,61.7697
1989-07-01,5.2,124.5,9.24,8.0185,61.1738
1989-08-01,5.2,124.5,8.99,8.112608695652174,61.7732
1989-09-01,5.3,124.8,9.02,8.1905,61.5796
1989-10-01,5.3,125.4,8.84,8.007619047619048,61.4966
1989-11-01,5.4,125.9,8.55,7.8742857142857146,61.7044
1989-12-01,5.4,126.3,8.45,7.836,62.0428
1990-01-01,5.4,127.5,8.23,8.206666666666667,61.729
1990-02-01,5.3,128.0,8.24,8.473157894736843,62.2896
1990-03-01,5.2,128.6,8.28,8.588636363636363,62.5999
1990-04-01,5.4,128.9,8.26,8.7855,62.4359
1990-05-01,5.4,129.1,8.18,8.758181818181818,62.6258
1990-06-01,5.2,129.9,8.29,8.48,62.8382
1990-07-01,5.5,130.5,8.15,8.471428571428572,62.7284
1990-08-01,5.7,131.6,8.13,8.752608695652174,62.9475
1990-09-01,5.9,132.5,8.2,8.893157894736841,62.9523
1990-10-01,5.9,133.4,8.11,8.719545454545456,62.5845
1990-11-01,6.2,133.7,7.81,8.392,61.7887
1990-12-01,6.3,134.2,7.31,8.075,61.3352
1991-01-01,6.4,134.7,6.91,8.091904761904763,61.1355
1991-02-01,6.6,134.8,6.25,7.854736842105264,60.6838
1991-03-01,6.8,134.8,6.12,8.11,60.3346
1991-04-01,6.7,135.1,5.91,8.039090909090909,60.4938
1991-05-01,6.9,135.6,5.78,8.067727272727273,61.0633
1991-06-01,6.9,136.0,5.9,8.284,61.5581
1991-07-01,6.8,136.2,5.82,8.272727272727273,61.7305
1991-08-01,6.9,136.6,5.66,7.9,61.7298
1991-09-01,6.9,137.0,5.45,7.65,62.2195
1991-10-01,7.0,137.2,5.21,7.527272727272727,62.1855
1991-11-01,7.0,137.8,4.81,7.417368421052632,62.0871
1991-12-01,7.3,138.2,4.43,7.088571428571429,61.7852
1992-01-01,7.3,138.3,4.03,7.032380952380953,61.4616
1992-02-01,7.4,138.6,4.06,7.337894736842105,61.8955
1992-03-01,7.4,139.1,3.98,7.542272727272728,62.4232
1992-04-01,7.4,139.4,3.73,7.480476190476191,62.897
1992-05-01,7.6,139.7,3.82,7.392,63.104
1992-06-01,7.8,140.1,3.76,7.261818181818182,63.1363
1992-07-01,7.7,140.5,3.25,6.844545454545455,63.7176
1992-08-01,7.6,140.8,3.3,6.585714285714286,63.3613
1992-09-01,7.6,141.1,3.22,6.415238095238095,63.5703
1992-10-01,7.3,141.7,3.1,6.589047619047619,63.9995
1992-11-01,7.4,142.1,3.09,6.873157894736842,64.2422
1992-12-01,7.4,142.3,2.92,6.77,64.3507
1993-01-01,7.3,142.8,3.02,6.6000000000000005,64.5978
1993-02-01,7.1,143.1,3.03,6.258947368421053,64.9089
1993-03-01,7.0,143.3,3.07,5.975217391304348,64.8522
1993-04-01,7.1,143.8,2.96,5.9695238095238095,65.0301
1993-05-01,7.1,144.2,3.0,6.0355,64.784
1993-06-01,7.0,144.3,3.04,5.962727272727273,64.9301
1993-07-01,6.9,144.5,3.06,5.805238095238095,65.1052
1993-08-01,6.8,144.8,3.03,5.677727272727273,65.0267
1993-09-01,6.7,145.0,3.09,5.36,65.3717
1993-10-01,6.8,145.6,2.99,5.334,65.8509
1993-11-01,6.6,146.0,3.02,5.724,66.1518
1993-12-01,6.5,146.3,2.96,5.774090909090909,66.5436
1994-01-01,6.6,146.3,3.05,5.750500000000001,66.7351
1994-02-01,6.6,146.7,3.25,5.9731578947368416,66.774
1994-03-01,6.5,147.1,3.34,6.482608695652174,67.4552
1994-04-01,6.4,147.2,3.56,6.972105263157895,67.8541
1994-05-01,6.1,147.5,4.01,7.183333333333333,68.1663
1994-06-01,6.1,147.9,4.25,7.101363636363636,68.6265
1994-07-01,6.1,148.4,4.26,7.298,68.7178
1994-08-01,6.0,149.0,4.47,7.236086956521739,69.1785
1994-09-01,5.9,149.3,4.73,7.457142857142857,69.3961
1994-10-01,5.8,149.4,4.76,7.744,69.9544
1994-11-01,5.6,149.8,5.29,7.955,70.4326
1994-12-01,5.5,150.1,5.45,7.813809523809524,71.1523
1995-01-01,5.6,150.5,5.53,7.7795000000000005,71.2734
1995-02-01,5.4,150.9,5.92,7.469473684210525,71.193
1995-03-01,5.4,151.2,5.98,7.204782608695653,71.3113
1995-04-01,5.8,151.8,6.05,7.062631578947368,71.1882
1995-05-01,5.6,152.1,6.01,6.632727272727274,71.5378
1995-06-01,5.6,152.4,6.0,6.168181818181818,71.7749
1995-07-01,5.7,152.6,5.85,6.2780000000000005,71.4748
1995-08-01,5.7,152.9,5.74,6.488260869565217,72.4223
1995-09-01,5.6,153.1,5.8,6.1975,72.7144
1995-10-01,5.5,153.5,5.76,6.044761904761905,72.5866
1995-11-01,5.6,153.7,5.8,5.93047619047619,72.7779
1995-12-01,5.6,153.9,5.6,5.7115,73.0305
1996-01-01,5.6,154.7,5.56,5.652380952380953,72.6125
1996-02-01,5.5,155.0,5.22,5.8055,73.6752
1996-03-01,5.5,155.5,5.31,6.268571428571428,73.585
1996-04-01,5.6,156.1,5.22,6.511363636363637,74.3172
1996-05-01,5.6,156.4,5.24,6.736818181818182,74.8726
1996-06-01,5.3,156.7,5.27,6.912000000000001,75.4433
1996-07-01,5.5,157.0,5.4,6.865454545454545,75.4549
1996-08-01,5.1,157.2,5.22,6.635454545454545,75.8411
1996-09-01,5.2,157.7,5.3,6.832000000000001,76.3158
1996-10-01,5.2,158.2,5.24,6.533636363636364,76.3384
1996-11-01,5.4,158.7,5.31,6.203684210526316,77.0397
1996-12-01,5.4,159.1,5.29,6.302380952380952,77.5333
1997-01-01,5.3,159.4,5.25,6.579047619047619,77.6562
1997-02-01,5.2,159.7,5.19,6.419473684210526,78.5833
1997-03-01,5.2,159.8,5.39,6.6945,79.082
1997-04-01,5.1,159.9,5.51,6.885454545454545,79.1747
1997-05-01,4.9,159.9,5.5,6.7109523809523814,79.6133
1997-06-01,5.0,160.2,5.56,6.493809523809524,79.9792
1997-07-01,4.9,160.4,5.52,6.220454545454545,80.6624
1997-08-01,4.8,160.8,5.54,6.298571428571429,81.4694
1997-09-01,4.9,161.2,5.54,6.208571428571428,82.2156
1997-10-01,4.7,161.5,5.5,6.029545454545455,82.9446
1997-11-01,4.6,161.7,5.52,5.875,83.5978
1997-12-01,4.7,161.8,5.5,5.808636363636364,83.9538
1998-01-01,4.6,162.0,5.56,5.5445,84.3218
1998-02-01,4.6,162.0,5.51,5.574736842105263,84.4583
1998-03-01,4.7,162.0,5.49,5.647272727272727,84.488
1998-04-01,4.3,162.2,5.45,5.637619047619047,84.7779
1998-05-01,4.4,162.6,5.49,5.6525,85.3367
1998-06-01,4.5,162.8,5.56,5.496363636363636,84.8248
1998-07-01,4.5,163.2,5.54,5.461363636363637,84.4986
1998-08-01,4.5,163.4,5.55,5.341904761904762,86.248
1998-09-01,4.6,163.5,5.51,4.806666666666667,86.2021
1998-10-01,4.5,163.9,5.07,4.529999999999999,86.7914
1998-11-01,4.4,164.1,4.83,4.827368421052632,86.7256
1998-12-01,4.4,164.4,4.68,4.645,87.1185
1999-01-01,4.3,164.7,4.63,4.722105263157895,87.4949
1999-02-01,4.4,164.7,4.76,4.998947368421053,88.027
1999-03-01,4.2,164.8,4.81,5.232608695652174,88.2267
1999-04-01,4.3,165.9,4.74,5.184545454545455,88.4295
1999-05-01,4.2,166.0,4.74,5.539499999999999,88.9886
1999-06-01,4.3,166.0,4.76,5.899545454545454,88.9188
1999-07-01,4.3,166.7,4.99,5.791904761904762,89.4333
1999-08-01,4.2,167.1,5.07,5.9390909090909085,89.7924
1999-09-01,4.2,167.8,5.22,5.915238095238095,89.4299
1999-10-01,4.1,168.1,5.2,6.112,90.523
1999-11-01,4.1,168.4,5.42,6.034,90.9618
1999-12-01,4.0,168.8,5.3,6.275454545454545,91.6634
2000-01-01,4.0,169.3,5.45,6.661,91.538
2000-02-01,4.1,170.0,5.73,6.519499999999999,91.8239
2000-03-01,4.0,171.0,5.85,6.256521739130435,92.1504
2000-04-01,3.8,170.9,6.02,5.990526315789474,92.6989
2000-05-01,4.0,171.2,6.27,6.440454545454545,92.9499
2000-06-01,4.0,172.2,6.53,6.097272727272728,92.9862
2000-07-01,4.0,172.7,6.54,6.054,92.8048
2000-08-01,4.1,172.7,6.5,5.826086956521739,92.5521
2000-09-01,3.9,173.6,6.52,5.799,92.9792
2000-10-01,3.9,173.9,6.51,5.738571428571428,92.6179
2000-11-01,3.9,174.2,6.51,5.717142857142857,92.6438
2000-12-01,3.9,174.6,6.4,5.2405,92.3415
2001-01-01,4.2,175.6,5.98,5.160952380952381,91.902
2001-02-01,4.2,176.0,5.49,5.098947368421053,91.3034
2001-03-01,4.3,176.1,5.31,4.885454545454546,91.1162
2001-04-01,4.4,176.4,4.8,5.141,90.7891
2001-05-01,4.3,177.3,4.21,5.391363636363637,90.3555
2001-06-01,4.5,177.7,3.97,5.284285714285714,89.8784
2001-07-01,4.6,177.4,3.77,5.236190476190477,89.3028
2001-08-01,4.9,177.4,3.65,4.971304347826087,89.2003
2001-09-01,5.0,178.1,3.07,4.731764705882353,88.7485
2001-10-01,5.3,177.6,2.49,4.566818181818181,88.5052
2001-11-01,5.5,177.5,2.09,4.6515,87.97
2001-12-01,5.7,177.4,1.82,5.0875,87.9324
2002-01-01,5.7,177.7,1.73,5.035714285714286,88.5176
2002-02-01,5.7,178.0,1.74,4.911578947368421,88.5278
2002-03-01,5.7,178.5,1.73,5.284000000000001,89.1686
2002-04-01,5.9,179.3,1.75,5.210909090909091,89.604
2002-05-01,5.8,179.5,1.75,5.164545454545455,89.964
2002-06-01,5.8,179.6,1.75,4.9265,90.7061
2002-07-01,5.8,180.0,1.73,4.653181818181818,90.6769
2002-08-01,5.7,180.5,1.74,4.257272727272727,90.5762
2002-09-01,5.7,180.8,1.75,3.87,90.6531
2002-10-01,5.7,181.2,1.75,3.940909090909091,90.4643
2002-11-01,5.9,181.5,1.34,4.048421052631579,90.9711
2002-12-01,6.0,181.8,1.24,4.032380952380952,90.4652
2003-01-01,5.8,182.6,1.24,4.048571428571428,91.2361
2003-02-01,5.9,183.6,1.26,3.9026315789473687,91.3445
2003-03-01,5.9,183.9,1.25,3.8071428571428574,91.1044
2003-04-01,6.0,183.2,1.26,3.958571428571428,90.5617
2003-05-01,6.1,182.9,1.26,3.5690476190476192,90.537
2003-06-01,6.3,183.1,1.22,3.334285714285714,90.6527
2003-07-01,6.2,183.7,1.01,3.975454545454546,91.1185
2003-08-01,6.1,184.5,1.03,4.4452380952380945,90.9197
2003-09-01,6.1,185.1,1.01,4.274285714285715,91.5059
2003-10-01,6.0,184.9,1.01,4.290454545454545,91.6186
2003-11-01,5.8,185.0,1.0,4.300000000000001,92.2329
2003-12-01,5.7,185.5,0.98,4.267727272727273,92.2602
2004-01-01,5.7,186.3,1.0,4.1505,92.4006
2004-02-01,5.6,186.7,1.01,4.084210526315789,92.958
2004-03-01,5.8,187.1,1.0,3.826521739130435,92.5861
2004-04-01,5.6,187.4,1.0,4.347619047619047,92.93
2004-05-01,5.6,188.2,1.0,4.7155000000000005,93.6013
2004-06-01,5.6,188.9,1.03,4.733809523809524,92.871
2004-07-01,5.5,189.1,1.26,4.498095238095239,93.5649
2004-08-01,5.4,189.2,1.43,4.281363636363636,93.6277
2004-09-01,5.4,189.8,1.61,4.1257142857142854,93.7467
2004-10-01,5.5,190.8,1.76,4.0969999999999995,94.5465
2004-11-01,5.4,191.7,1.93,4.194,94.7813
2004-12-01,5.4,191.7,2.16,4.2309090909090905,95.5365
2005-01-01,5.3,191.6,2.28,4.221500000000001,95.8801
2005-02-01,5.4,192.4,2.5,4.165263157894737,96.5761
2005-03-01,5.2,193.1,2.63,4.497727272727273,96.4456
2005-04-01,5.2,193.7,2.79,4.3409523809523805,96.6532
2005-05-01,5.1,193.6,3.0,4.144285714285714,96.7402
2005-06-01,5.0,193.7,3.04,3.998181818181818,97.1753
2005-07-01,5.0,194.9,3.26,4.1775,96.8676
2005-08-01,4.9,196.1,3.5,4.262608695652174,97.1833
2005-09-01,5.0,198.8,3.62,4.199047619047619,95.3005
2005-10-01,5.0,199.1,3.78,4.4635,96.4572
2005-11-01,5.0,198.1,4.0,4.535,97.5414
2005-12-01,4.9,198.1,4.16,4.467142857142857,98.0452
2006-01-01,4.7,199.3,4.29,4.416,98.1999
2006-02-01,4.8,199.4,4.49,4.568947368421052,98.2413
2006-03-01,4.7,199.7,4.59,4.7239130434782615,98.4628
2006-04-01,4.7,200.7,4.79,4.990526315789474,98.7618
2006-05-01,4.6,201.3,4.94,5.11,98.7869
2006-06-01,4.6,201.8,4.99,5.106363636363636,99.0997
2006-07-01,4.7,202.9,5.24,5.0875,99.0489
2006-08-01,4.7,203.8,5.25,4.8765217391304345,99.4836
2006-09-01,4.5,202.8,5.25,4.718999999999999,99.3183
2006-10-01,4.4,201.9,5.25,4.729047619047619,99.2044
2006-11-01,4.5,202.0,5.25,4.595238095238095,99.1627
2006-12-01,4.4,203.1,5.24,4.5645,100.1735
2007-01-01,4.6,203.437,5.25,4.7595238095238095,99.8346
2007-02-01,4.5,204.226,5.26,4.722631578947369,100.7753
2007-03-01,4.4,205.288,5.26,4.5645454545454545,100.9547
2007-04-01,4.5,205.904,5.25,4.6938095238095245,101.6334
2007-05-01,4.4,206.755,5.25,4.746363636363636,101.7306
2007-06-01,4.6,207.234,5.25,5.102857142857142,101.7893
2007-07-01,4.7,207.603,5.26,5.0042857142857144,101.6672
2007-08-01,4.6,207.667,5.02,4.674782608695652,101.863
2007-09-01,4.7,208.547,4.94,4.521578947368421,102.0894
2007-10-01,4.7,209.19,4.76,4.527727272727272,101.8015
2007-11-01,4.7,210.834,4.49,4.1485,102.3446
2007-12-01,5.0,211.445,4.24,4.0975,102.3803
2008-01-01,5.0,212.174,3.94,3.744285714285714,102.2448
2008-02-01,4.9,212.687,2.98,3.7375,101.8438
2008-03-01,5.1,213.448,2.61,3.5100000000000002,101.5336
2008-04-01,5.0,213.942,2.28,3.675,100.8785
2008-05-01,5.4,215.208,1.98,3.8800000000000003,100.2674
2008-06-01,5.6,217.463,2.0,4.099523809523809,100.0335
2008-07-01,5.8,219.016,2.01,4.007727272727273,99.676
2008-08-01,6.1,218.69,2.0,3.8857142857142852,98.1111
2008-09-01,6.1,218.877,1.81,3.6861904761904762,93.7895
2008-10-01,6.5,216.995,0.97,3.814090909090909,94.7219
2008-11-01,6.8,213.153,0.39,3.526666666666667,93.4715
2008-12-01,7.3,211.398,0.16,2.4163636363636365,90.8357
2009-01-01,7.8,211.933,0.15,2.5175,88.57
2009-02-01,8.3,212.705,0.22,2.87,88.031
2009-03-01,8.7,212.495,0.18,2.819545454545455,86.6528
2009-04-01,9.0,212.709,0.15,2.927142857142857,85.9344
2009-05-01,9.4,213.022,0.18,3.293,85.0665
2009-06-01,9.5,214.79,0.21,3.7218181818181817,84.7459
2009-07-01,9.5,214.726,0.16,3.5622727272727275,85.7027
2009-08-01,9.6,215.445,0.16,3.587142857142857,86.6426
2009-09-01,9.8,215.861,0.15,3.401904761904762,87.4063
2009-10-01,10.0,216.509,0.12,3.3876190476190478,87.6419
2009-11-01,9.9,217.234,0.12,3.4026315789473687,88.0221
2009-12-01,9.9,217.347,0.12,3.5900000000000003,88.3793
2010-01-01,9.8,217.488,0.11,3.7331578947368427,89.3426
2010-02-01,9.8,217.281,0.13,3.691052631578947,89.6779
2010-03-01,9.9,217.353,0.16,3.7273913043478264,90.2928
2010-04-01,9.9,217.403,0.2,3.8468181818181817,90.5991
2010-05-01,9.6,217.29,0.2,3.4200000000000004,91.823
2010-06-01,9.4,217.199,0.18,3.2040909090909087,91.9928
2010-07-01,9.4,217.605,0.18,3.0114285714285716,92.3421
2010-08-01,9.5,217.923,0.19,2.6986363636363637,92.6805
2010-09-01,9.5,218.275,0.19,2.6476190476190475,92.9537
2010-10-01,9.4,219.035,0.19,2.54,92.6903
2010-11-01,9.8,219.59,0.19,2.763,92.7709
2010-12-01,9.3,220.472,0.18,3.290909090909091,93.6787
2011-01-01,9.1,221.187,0.17,3.3939999999999997,93.4814
2011-02-01,9.0,221.898,0.16,3.5763157894736843,93.1102
2011-03-01,9.0,223.046,0.14,3.4143478260869564,94.0788
2011-04-01,9.1,224.093,0.1,3.4549999999999996,93.7749
2011-05-01,9.0,224.806,0.09,3.168571428571429,93.888
2011-06-01,9.1,224.806,0.09,3.002272727272727,94.172
2011-07-01,9.0,225.395,0.07,3.003,94.636
2011-08-01,9.0,226.106,0.1,2.3030434782608693,95.2749
2011-09-01,9.0,226.597,0.08,1.975238095238095,95.1961
2011-10-01,8.8,226.75,0.07,2.152,95.8568
2011-11-01,8.6,227.169,0.08,2.0134999999999996,95.8485
2011-12-01,8.5,227.223,0.07,1.9780952380952381,96.3571
2012-01-01,8.3,227.842,0.08,1.9665,96.9318
2012-02-01,8.3,228.329,0.1,1.9675,97.2435
2012-03-01,8.2,228.807,0.13,2.1727272727272724,96.74
2012-04-01,8.2,229.187,0.14,2.052857142857143,97.4359
2012-05-01,8.2,228.713,0.16,1.8031818181818182,97.6609
2012-06-01,8.2,228.524,0.16,1.6223809523809525,97.6663
2012-07-01,8.2,228.59,0.16,1.5266666666666668,97.8713
2012-08-01,8.1,229.918,0.13,1.6782608695652175,97.4525
2012-09-01,7.8,231.015,0.14,1.7231578947368422,97.381
2012-10-01,7.8,231.638,0.16,1.7461904761904763,97.7193
2012-11-01,7.7,231.249,0.16,1.654,98.0777
2012-12-01,7.9,231.221,0.16,1.719,98.3101
2013-01-01,8.0,231.679,0.14,1.9147619047619049,98.3342
2013-02-01,7.7,232.937,0.15,1.9842105263157896,98.7941
2013-03-01,7.5,232.282,0.14,1.9575,99.1921
2013-04-01,7.6,231.797,0.15,1.7590909090909093,99.1065
2013-05-01,7.5,231.893,0.11,1.9281818181818182,99.1839
2013-06-01,7.5,232.445,0.09,2.3,99.3897
2013-07-01,7.3,232.9,0.09,2.5822727272727275,99.0814
2013-08-01,7.2,233.456,0.08,2.7372727272727273,99.6543
2013-09-01,7.2,233.544,0.08,2.8095,100.161
2013-10-01,7.2,233.669,0.09,2.6159090909090907,100.082
2013-11-01,6.9,234.1,0.08,2.718421052631579,100.3158
2013-12-01,6.7,234.719,0.09,2.901904761904762,100.5175
2014-01-01,6.6,235.288,0.07,2.858095238095238,100.1599
2014-02-01,6.7,235.547,0.07,2.709473684210526,100.9168
2014-03-01,6.7,236.028,0.08,2.723333333333333,101.8942
2014-04-01,6.2,236.468,0.09,2.705238095238095,101.9928
2014-05-01,6.3,236.918,0.09,2.559047619047619,102.3836
2014-06-01,6.1,237.231,0.1,2.5985714285714288,102.735
2014-07-01,6.2,237.498,0.09,2.5422727272727275,102.9632
2014-08-01,6.1,237.46,0.09,2.42,102.7688
2014-09-01,5.9,237.477,0.09,2.5342857142857143,103.0641
2014-10-01,5.7,237.43,0.09,2.304090909090909,103.0764
2014-11-01,5.8,236.983,0.09,2.3255555555555554,103.7126
2014-12-01,5.6,236.252,0.12,2.2072727272727275,103.7044
2015-01-01,5.7,234.747,0.11,1.8815000000000002,102.8905
2015-02-01,5.5,235.342,0.11,1.9752631578947368,102.2335
2015-03-01,5.4,235.976,0.11,2.0427272727272725,101.8914
2015-04-01,5.4,236.222,0.12,1.935,101.3355
2015-05-01,5.6,237.001,0.12,2.1975000000000002,100.8883
2015-06-01,5.3,237.657,0.13,2.3636363636363638,100.571
2015-07-01,5.2,238.034,0.13,2.3245454545454547,101.2228
2015-08-01,5.1,238.033,0.14,2.1671428571428573,101.0367
2015-09-01,5.0,237.498,0.14,2.172857142857143,100.7547
2015-10-01,5.0,237.733,0.12,2.07,100.2675
2015-11-01,5.1,238.017,0.12,2.263157894736842,99.5298
2015-12-01,5.0,237.761,0.24,2.2427272727272727,99.0417
2016-01-01,4.8,237.652,0.34,2.0852631578947367,99.5607
2016-02-01,4.9,237.336,0.38,1.7795,99.0445
2016-03-01,5.0,238.08,0.36,1.8890909090909092,98.3096
2016-04-01,5.1,238.992,0.37,1.805238095238095,98.6421
2016-05-01,4.8,239.557,0.37,1.8061904761904761,98.4184
2016-06-01,4.9,240.222,0.38,1.6440909090909093,98.8833
2016-07-01,4.8,240.101,0.39,1.504,98.9992
2016-08-01,4.9,240.545,0.4,1.556521739130435,98.85
2016-09-01,5.0,241.176,0.4,1.6304761904761906,98.7457
2016-10-01,4.9,241.741,0.4,1.7645,98.7611
2016-11-01,4.7,242.026,0.41,2.1420000000000003,98.3491
2016-12-01,4.7,242.637,0.54,2.491904761904762,99.0214
2017-01-01,4.7,243.618,0.65,2.4325,98.7611
2017-02-01,4.6,244.006,0.66,2.4189473684210525,98.3646
2017-03-01,4.4,243.892,0.79,2.4817391304347827,99.0137
2017-04-01,4.4,244.193,0.9,2.2973684210526315,100.0224
2017-05-01,4.4,244.004,0.91,2.3036363636363637,100.1408
2017-06-01,4.3,244.163,1.04,2.186818181818182,100.3471
2017-07-01,4.3,244.243,1.15,2.318,100.1068
2017-08-01,4.4,245.183,1.16,2.2091304347826086,99.6925
2017-09-01,4.3,246.435,1.15,2.202,99.7954
2017-10-01,4.2,246.626,1.15,2.3600000000000003,101.0247
2017-11-01,4.2,247.284,1.16,2.3533333333333335,101.2664
2017-12-01,4.1,247.805,1.3,2.4025,101.4644
2018-01-01,4.0,248.859,1.41,2.583809523809524,101.4625
2018-02-01,4.1,249.529,1.42,2.8589473684210525,101.7085
2018-03-01,4.0,249.577,1.51,2.8423809523809522,102.2067
2018-04-01,4.0,250.227,1.69,2.869047619047619,103.3329
2018-05-01,3.8,250.792,1.7,2.977727272727273,102.4024
2018-06-01,4.0,251.018,1.82,2.9123809523809525,103.198
2018-07-01,3.8,251.214,1.91,2.889047619047619,103.3646
2018-08-01,3.8,251.663,1.91,2.889130434782609,104.0327
2018-09-01,3.7,252.182,1.95,3.004210526315789,104.1004
2018-10-01,3.8,252.772,2.19,3.152272727272727,103.9856
2018-11-01,3.8,252.594,2.2,3.117,104.0681
2018-12-01,3.9,252.767,2.27,2.8326315789473684,104.0936
2019-01-01,4.0,252.561,2.4,2.713809523809524,103.4021
2019-02-01,3.8,253.319,2.4,2.6763157894736844,102.8371
2019-03-01,3.8,254.277,2.41,2.570952380952381,102.8757
2019-04-01,3.7,255.233,2.42,2.532380952380952,102.274
2019-05-01,3.6,255.296,2.39,2.395,102.392
2019-06-01,3.6,255.213,2.38,2.074,102.4375
2019-07-01,3.7,255.802,2.4,2.059090909090909,101.9408
2019-08-01,3.6,256.036,2.13,1.6263636363636365,102.639
2019-09-01,3.5,256.43,2.04,1.6995,102.2917
2019-10-01,3.6,257.155,1.83,1.7068181818181818,101.4281
2019-11-01,3.6,257.879,1.55,1.8121052631578947,101.9372
2019-12-01,3.6,258.63,1.55,1.8628571428571428,101.7003
2020-01-01,3.6,259.127,1.55,1.7576190476190479,101.0338
2020-02-01,3.5,259.25,1.58,1.5042105263157897,101.3735
2020-03-01,4.4,258.076,0.65,0.87,97.4078
2020-04-01,14.8,256.032,0.05,0.6576190476190477,84.5619
2020-05-01,13.2,255.802,0.05,0.674,85.9604
2020-06-01,11.0,257.042,0.08,0.7286363636363636,91.5934
2020-07-01,10.2,258.352,0.09,0.6236363636363637,95.0256
2020-08-01,8.4,259.316,0.1,0.65,95.9549
2020-09-01,7.8,259.997,0.09,0.6795238095238095,95.9669
2020-10-01,6.9,260.319,0.09,0.7871428571428571,96.7394
2020-11-01,6.7,260.911,0.09,0.8700000000000001,97.0816
2020-12-01,6.7,262.045,0.09,0.9336363636363636,98.363
2021-01-01,6.4,262.687,0.09,1.0810526315789473,98.8822
2021-02-01,6.2,263.579,0.08,1.2578947368421052,95.6149
2021-03-01,6.1,264.961,0.07,1.6108695652173912,98.3856
2021-04-01,6.1,266.614,0.07,1.635,98.5587
2021-05-01,5.8,268.383,0.06,1.621,99.4333
2021-06-01,5.9,270.654,0.08,1.5190909090909093,99.7987
2021-07-01,5.4,271.903,0.1,1.3185714285714287,100.2519
2021-08-01,5.1,272.676,0.09,1.2831818181818182,100.0437
2021-09-01,4.7,273.91,0.08,1.3747619047619049,98.8579
2021-10-01,4.5,276.55,0.08,1.5825,100.1861
2021-11-01,4.1,278.919,0.08,1.5595,100.8654
2021-12-01,3.9,280.845,0.08,1.4649999999999999,100.5726
2022-01-01,4.0,282.543,0.08,1.764,100.1856
2022-02-01,3.9,284.5,0.08,1.9342105263157894,100.8064
2022-03-01,3.7,287.674,0.2,2.1278260869565218,101.3907
2022-04-01,3.7,288.561,0.33,2.7475,101.44
2022-05-01,3.6,291.298,0.77,2.8980952380952383,101.3335
2022-06-01,3.6,294.957,1.21,3.1433333333333335,101.018
2022-07-01,3.5,294.913,1.68,2.896,101.223
2022-08-01,3.6,295.097,2.33,2.8978260869565218,101.0963
2022-09-01,3.5,296.349,2.56,3.5190476190476194,101.2918
2022-10-01,3.6,298.007,3.08,3.9835000000000003,101.2529
2022-11-01,3.6,298.786,3.78,3.8909999999999996,100.9552
2022-12-01,3.5,298.832,4.1,3.616190476190476,99.7664
2023-01-01,3.5,300.42,4.33,3.5315,100.505
2023-02-01,3.6,301.45,4.57,3.7468421052631578,100.6416
2023-03-01,3.5,301.821,4.65,3.6630434782608696,101.0205
2023-04-01,3.4,302.845,4.83,3.46,101.253
2023-05-01,3.6,303.334,5.06,3.5736363636363637,100.9286
2023-06-01,3.6,304.014,5.08,3.7480952380952384,100.1196
2023-07-01,3.5,304.609,5.12,3.8994999999999997,100.9067
2023-08-01,3.7,306.082,5.33,4.167826086956522,100.8393
2023-09-01,3.7,307.276,5.33,4.379,101.0211
2023-10-01,3.9,307.696,5.33,4.798095238095239,100.4689
2023-11-01,3.7,308.148,5.33,4.502857142857143,100.8639
2023-12-01,3.8,308.741,5.33,4.0200000000000005,100.6031
2024-01-01,3.7,309.698,5.33,4.058095238095238,99.2223
2024-02-01,3.9,310.967,5.33,4.2075000000000005,100.285
2024-03-01,3.9,312.345,5.33,4.2085,100.4575
2024-04-01,3.9,313.023,5.33,4.539090909090909,100.2434
2024-05-01,3.9,313.175,5.33,4.482272727272727,100.863
2024-06-01,4.1,313.044,5.33,4.3052631578947365,100.894
2024-07-01,4.2,313.569,5.33,4.248636363636364,99.9757
2024-08-01,4.2,314.062,5.33,3.8709090909090906,100.4309
2024-09-01,4.1,314.732,5.13,3.7235,99.8084
2024-10-01,4.1,315.631,4.83,4.095454545454545,99.4695
2024-11-01,4.2,316.528,4.64,4.35578947368421,99.2925
2024-12-01,4.1,317.604,4.48,4.3914285714285715,100.3273
2025-01-01,4.0,318.961,4.33,4.629047619047618,100.0647
2025-02-01,4.2,319.679,4.33,4.451052631578947,101.0993
2025-03-01,4.2,319.785,4.33,4.2804761904761905,101.0404
2025-04-01,4.2,320.302,4.33,4.279047619047619,101.1279
2025-05-01,4.3,320.62,4.33,4.423809523809524,100.9655
2025-06-01,4.1,321.435,4.33,4.3835,101.4785
2025-07-01,4.3,322.169,4.33,4.391818181818182,101.894
2025-08-01,4.3,323.291,4.33,4.2647619047619045,101.6247
2025-09-01,4.4,324.245,4.22,4.12047619047619,101.668
2025-10-01,4.4,324.245,4.09,4.0618181818181816,101.2195
2025-11-01,4.5,325.063,3.88,4.0938888888888885,101.0344
2025-12-01,4.4,326.031,3.72,4.1431818181818185,101.4941
2026-01-01,4.3,326.588,3.64,4.2135,101.0388
2026-02-01,4.4,327.46,3.64,4.12578947368421,101.9053
2026-03-01,4.3,330.293,3.64,4.245909090909091,101.7336
2026-04-01,4.3,332.407,3.64,4.319090909090909,102.5783
2026-05-01,4.3,333.979,3.63,4.484,102.6396
2026-06-01,4.2,332.568,3.63,4.47047619047619,102.842
2026-07-01,4.1,332.813,3.63,4.599545454545455,103.0454
2026-08-01,4.1,334.131,3.63,4.684285714285714,103.0682
2026-09-01,4.1,334.131,3.63,4.914375,103.0682
